Dataset,Model,KFold,AUCROC,AUCPR,Accuracy,MCC,F1 Score,Precision,Recall,Time Train,Time Test
1_ALOI,MSR_SFF_OD,1,64.80584192439864,7.270473267257242,95.89999999999999,0.07475176628171756,0.08888888888888889,0.13333333333333333,0.06666666666666667,2.182535409927368,0.021628618240356445
1_ALOI,MSR_SFF_OD,2,68.05154639175257,6.585529342460992,95.95,0.05562271656903068,0.06896551724137931,0.1111111111111111,0.05,0.5800671577453613,0.02545928955078125
1_ALOI,MSR_SFF_OD,3,64.63530927835052,7.684578742158053,96.6,0.13842045950113577,0.1282051282051282,0.2777777777777778,0.08333333333333333,0.5993070602416992,0.02283763885498047
1_ALOI,MSR_SFF_OD,4,67.3598018244997,6.608725617120094,96.35000000000001,0.019983757716560437,0.02666666666666667,0.07142857142857142,0.01639344262295082,0.5961852073669434,0.021819353103637695
1_ALOI,MSR_SFF_OD,5,68.60727601687536,6.866582468845017,96.39999999999999,0.07859675853512142,0.07692307692307693,0.17647058823529413,0.04918032786885246,0.572892427444458,0.018419981002807617
2_annthyroid,MSR_SFF_OD,1,93.84670872111114,51.74957165498285,93.33333333333333,0.3722216052524285,0.3684210526315789,0.6086956521739131,0.2641509433962264,0.38103318214416504,0.0159456729888916
2_annthyroid,MSR_SFF_OD,2,91.96002271595937,46.9698455255511,93.26388888888889,0.3345112412676027,0.302158273381295,0.65625,0.19626168224299065,0.33405089378356934,0.015639305114746094
2_annthyroid,MSR_SFF_OD,3,93.82883103953559,52.83442612532857,93.61111111111111,0.4227605211506608,0.425,0.6415094339622641,0.3177570093457944,0.8243868350982666,0.015387535095214844
2_annthyroid,MSR_SFF_OD,4,93.09617123907145,52.81003270724606,93.26388888888889,0.34981757696417637,0.3310344827586207,0.631578947368421,0.22429906542056074,0.9670426845550537,0.016503572463989258
2_annthyroid,MSR_SFF_OD,5,93.62691140074737,54.305257635371774,93.88888888888889,0.4257741878848908,0.3972602739726027,0.7435897435897436,0.27102803738317754,0.6809248924255371,0.01798105239868164
3_backdoor,MSR_SFF_OD,1,95.66896536697497,57.95566686417689,98.55000000000001,0.7406966761681099,0.7387387387387387,0.640625,0.8723404255319149,0.9233200550079346,0.031610965728759766
3_backdoor,MSR_SFF_OD,2,93.3217853602205,48.714504830128305,98.1,0.6759835568287496,0.6724137931034483,0.5652173913043478,0.8297872340425532,0.9412152767181396,0.030720949172973633
3_backdoor,MSR_SFF_OD,3,98.78256038173676,75.3467715934784,99.25,0.84980726394021,0.8514851485148515,0.7962962962962963,0.9148936170212766,1.0453007221221924,0.030687808990478516
3_backdoor,MSR_SFF_OD,4,91.65713414169144,52.00773549872072,98.4,0.7018745843130456,0.7037037037037037,0.6229508196721312,0.8085106382978723,0.9823269844055176,0.029592275619506836
3_backdoor,MSR_SFF_OD,5,93.95811987704919,62.86813901888218,98.9,0.7801121167649163,0.7843137254901961,0.7407407407407407,0.8333333333333334,1.0255460739135742,0.02845287322998047
4_breastw,MSR_SFF_OD,1,98.02200374531836,93.4709046060149,95.62043795620438,0.9037921348314607,0.9375,0.9375,0.9375,0.028928756713867188,0.01526021957397461
4_breastw,MSR_SFF_OD,2,99.00514981273407,96.99264333651765,92.7007299270073,0.8407665295288299,0.8863636363636364,0.975,0.8125,0.02440929412841797,0.015306949615478516
4_breastw,MSR_SFF_OD,3,99.83614232209739,99.7067247157586,91.24087591240875,0.8129520829107402,0.8571428571428571,1.0,0.75,0.02135753631591797,0.014854192733764648
4_breastw,MSR_SFF_OD,4,98.30265359789625,94.25544310304804,89.70588235294117,0.7717707834116753,0.8333333333333334,0.9459459459459459,0.7446808510638298,0.02178478240966797,0.01564764976501465
4_breastw,MSR_SFF_OD,5,97.20643939393938,90.52041923125934,88.97058823529412,0.7553932072613148,0.8314606741573034,0.9024390243902439,0.7708333333333334,0.02175593376159668,0.015671968460083008
5_campaign,MSR_SFF_OD,1,77.16777323799795,32.63073421224853,88.8,0.133469612791525,0.1111111111111111,0.4375,0.06363636363636363,0.6553244590759277,0.026351451873779297
5_campaign,MSR_SFF_OD,2,77.61772216547497,33.33421894228734,88.8,0.133469612791525,0.1111111111111111,0.4375,0.06363636363636363,0.6649892330169678,0.026340723037719727
5_campaign,MSR_SFF_OD,3,74.54108897418094,29.499439223489276,89.0,0.17648435245726807,0.14728682170542637,0.5135135135135135,0.08597285067873303,0.5643537044525146,0.027536392211914062
5_campaign,MSR_SFF_OD,4,72.27457593492709,28.09377533336288,88.9,0.17410571027348667,0.15267175572519084,0.4878048780487805,0.09049773755656108,0.5926699638366699,0.02598094940185547
5_campaign,MSR_SFF_OD,5,75.68922497005029,30.48606258884955,89.0,0.15224537170857266,0.11290322580645161,0.5185185185185185,0.06334841628959276,0.5653500556945801,0.026144027709960938
6_cardio,MSR_SFF_OD,1,96.80261832829808,81.07325589396768,95.91280653950953,0.7462596208382727,0.7457627118644068,0.9565217391304348,0.6111111111111112,0.11706709861755371,0.002561330795288086
6_cardio,MSR_SFF_OD,2,95.71860164005179,71.62028999468322,94.26229508196722,0.6213483310475574,0.631578947368421,0.8181818181818182,0.5142857142857142,0.10967278480529785,0.002673625946044922
6_cardio,MSR_SFF_OD,3,96.90116529995684,81.66645133464637,95.90163934426229,0.7395865850008593,0.7457627118644068,0.9166666666666666,0.6285714285714286,0.1100313663482666,0.0017333030700683594
6_cardio,MSR_SFF_OD,4,94.82952093223996,62.6426852660931,93.98907103825137,0.6437080471841228,0.6764705882352942,0.696969696969697,0.6571428571428571,0.11159777641296387,0.0017774105072021484
6_cardio,MSR_SFF_OD,5,94.7302546396202,71.9896615366471,94.80874316939891,0.65643732817372,0.6415094339622641,0.9444444444444444,0.4857142857142857,0.11002516746520996,0.0018682479858398438
7_Cardiotocography,MSR_SFF_OD,1,84.36590571040549,65.07140813527785,83.451536643026,0.45235398542763555,0.4262295081967213,0.9285714285714286,0.2765957446808511,0.12380313873291016,0.002254009246826172
7_Cardiotocography,MSR_SFF_OD,2,79.64809384164222,52.56306701098321,81.08747044917257,0.32840975564635827,0.3333333333333333,0.7407407407407407,0.21505376344086022,0.10786056518554688,0.0016002655029296875
7_Cardiotocography,MSR_SFF_OD,3,79.92179863147605,61.640994998854126,83.92434988179669,0.4621612991098046,0.46875,0.8571428571428571,0.3225806451612903,0.0317227840423584,0.0020542144775390625
7_Cardiotocography,MSR_SFF_OD,4,78.71293580971,56.85738775441619,82.50591016548464,0.39830609386077254,0.4032258064516129,0.8064516129032258,0.26881720430107525,0.1094369888305664,0.0017006397247314453
7_Cardiotocography,MSR_SFF_OD,5,79.56008759028663,57.246315995828375,81.99052132701422,0.37784140568005486,0.3333333333333333,0.9047619047619048,0.20430107526881722,0.11035847663879395,0.0014622211456298828
8_celeba,MSR_SFF_OD,1,64.92377765383901,6.477430667707439,97.3,0.13008162000315573,0.12903225806451613,0.2222222222222222,0.09090909090909091,0.6599020957946777,0.024393796920776367
8_celeba,MSR_SFF_OD,2,68.95507994050938,7.104196639454491,97.0,0.10869257002313287,0.11764705882352941,0.16666666666666666,0.09090909090909091,0.6657891273498535,0.02398538589477539
8_celeba,MSR_SFF_OD,3,74.45296959363455,8.176457461456085,97.3,0.10404329299850115,0.1,0.2,0.06666666666666667,0.6351628303527832,0.02443838119506836
8_celeba,MSR_SFF_OD,4,65.20488775220232,5.880998593600503,96.39999999999999,0.059747393941021326,0.07692307692307693,0.09090909090909091,0.06666666666666667,0.6908180713653564,0.024656057357788086
8_celeba,MSR_SFF_OD,5,60.31202046035806,5.1386105976852905,96.6,0.06620848460440198,0.08108108108108109,0.10344827586206896,0.06666666666666667,0.6551806926727295,0.02758479118347168
9_census,MSR_SFF_OD,1,72.06275365896973,12.300512748759097,93.05,0.07577982759657544,0.07947019867549669,0.21428571428571427,0.04878048780487805,1.8981258869171143,0.09019970893859863
9_census,MSR_SFF_OD,2,70.71892961870482,10.755463914982988,92.75,0.036897661106997354,0.05228758169934641,0.13333333333333333,0.032520325203252036,1.7855710983276367,0.0817410945892334
9_census,MSR_SFF_OD,3,70.67323310420105,10.805329996607291,92.45,0.04059524532185913,0.062111801242236024,0.13157894736842105,0.04065040650406504,1.5823073387145996,0.08406877517700195
9_census,MSR_SFF_OD,4,73.66776251673014,15.092830520303316,92.75,0.11767889214442435,0.1317365269461078,0.25,0.08943089430894309,1.532977819442749,0.09058332443237305
9_census,MSR_SFF_OD,5,76.4372979572185,14.720775956249351,92.65,0.07240918295788197,0.08695652173913043,0.1891891891891892,0.056451612903225805,1.561028242111206,0.07454156875610352
10_cover,MSR_SFF_OD,1,97.39635995955511,41.65490568220634,98.75,0.6091593155378535,0.5901639344262295,0.46153846153846156,0.8181818181818182,0.8171858787536621,0.03639101982116699
10_cover,MSR_SFF_OD,2,99.42894567515395,53.68036908284587,99.1,0.6907070597475249,0.6785714285714286,0.5588235294117647,0.8636363636363636,0.8266561031341553,0.030585050582885742
10_cover,MSR_SFF_OD,3,97.5549223274198,44.56049851906387,99.0,0.5803759513911573,0.5833333333333334,0.5384615384615384,0.6363636363636364,0.8241477012634277,0.03100872039794922
10_cover,MSR_SFF_OD,4,97.78012684989429,47.27825359096222,99.05000000000001,0.6464735114382093,0.6415094339622641,0.5483870967741935,0.7727272727272727,0.8341209888458252,0.028017044067382812
10_cover,MSR_SFF_OD,5,97.83818257790679,34.87523084089755,98.35000000000001,0.5465618456053797,0.5217391304347826,0.391304347826087,0.782608695652174,0.8072893619537354,0.028167247772216797
11_donors,MSR_SFF_OD,1,99.23361522198731,78.83211678832117,98.55000000000001,0.8810437111847483,0.8816326530612245,0.7883211678832117,1.0,0.6393153667449951,0.025964736938476562
11_donors,MSR_SFF_OD,2,99.63002114164905,88.52459016393442,99.3,0.937387569940191,0.9391304347826087,0.8852459016393442,1.0,0.6427268981933594,0.025882244110107422
11_donors,MSR_SFF_OD,3,99.4450317124736,83.72093023255815,98.95,0.9098993406247335,0.9113924050632911,0.8372093023255814,1.0,0.6546528339385986,0.016694307327270508
11_donors,MSR_SFF_OD,4,99.63002114164905,88.52459016393442,99.3,0.937387569940191,0.9391304347826087,0.8852459016393442,1.0,0.6683783531188965,0.026698589324951172
11_donors,MSR_SFF_OD,5,99.57694341618192,87.2,99.2,0.9298504681819613,0.9316239316239316,0.872,1.0,0.6370530128479004,0.016776561737060547
12_fault,MSR_SFF_OD,1,80.15748031496064,65.5100711422554,66.58097686375322,0.13486364651819155,0.12162162162162163,0.6923076923076923,0.06666666666666667,0.12465214729309082,0.004730701446533203
12_fault,MSR_SFF_OD,2,80.74098013867669,69.98175617912104,66.75257731958763,0.1401415220904816,0.0979020979020979,0.7777777777777778,0.05223880597014925,0.11890959739685059,0.004820585250854492
12_fault,MSR_SFF_OD,3,84.27253496298037,75.24630751362022,69.3298969072165,0.2682327964769021,0.2119205298013245,0.9411764705882353,0.11940298507462686,0.1244039535522461,0.004265546798706055
12_fault,MSR_SFF_OD,4,78.0354267310789,64.49045379514091,67.5257731958763,0.1947502544363522,0.14864864864864866,0.8461538461538461,0.08148148148148149,0.1254901885986328,0.004651069641113281
12_fault,MSR_SFF_OD,5,79.00746596398771,63.492225556056006,68.04123711340206,0.21034580953356297,0.19480519480519481,0.7894736842105263,0.1111111111111111,0.12195515632629395,0.004319667816162109
13_fraud,MSR_SFF_OD,1,99.49899799599197,16.666666666666664,99.0,0.4061978089387484,0.2857142857142857,0.16666666666666666,1.0,0.612725019454956,0.025704383850097656
13_fraud,MSR_SFF_OD,2,99.49924887330997,13.043478260869565,99.0,0.35934450784960964,0.23076923076923078,0.13043478260869565,1.0,0.6175556182861328,0.025465011596679688
13_fraud,MSR_SFF_OD,3,99.69954932398598,20.0,99.4,0.44586791462937087,0.3333333333333333,0.2,1.0,0.6423072814941406,0.02185964584350586
13_fraud,MSR_SFF_OD,4,90.96978801535636,1.951462938116423,98.7,0.11192510738462569,0.07142857142857142,0.04,0.3333333333333333,0.6269447803497314,0.023606300354003906
13_fraud,MSR_SFF_OD,5,96.54481722583876,4.048506099788151,98.6,0.10741869952303267,0.06666666666666667,0.037037037037037035,0.3333333333333333,0.6281702518463135,0.02471327781677246
14_glass,MSR_SFF_OD,1,95.73170731707317,45.0,95.34883720930233,0.47560975609756095,0.5,0.5,0.5,0.018729448318481445,0.014813423156738281
14_glass,MSR_SFF_OD,2,87.8048780487805,22.5,95.34883720930233,0.0,0.0,0.0,0.0,0.017747163772583008,0.01597881317138672
14_glass,MSR_SFF_OD,3,92.6829268292683,32.5,95.34883720930233,0.0,0.0,0.0,0.0,0.017939090728759766,0.015593767166137695
14_glass,MSR_SFF_OD,4,92.6829268292683,32.5,93.02325581395348,-0.03407990882954985,0.0,0.0,0.0,0.018457889556884766,0.015731334686279297
14_glass,MSR_SFF_OD,5,95.1219512195122,33.33333333333333,97.61904761904762,0.0,0.0,0.0,0.0,0.019173622131347656,0.0156097412109375
15_Hepatitis,MSR_SFF_OD,1,96.42857142857143,83.33333333333333,93.75,0.6831300510639733,0.6666666666666666,1.0,0.5,0.006168365478515625,0.0022766590118408203
15_Hepatitis,MSR_SFF_OD,2,71.42857142857143,60.0,93.75,0.6831300510639733,0.6666666666666666,1.0,0.5,0.006617069244384766,0.0024633407592773438
15_Hepatitis,MSR_SFF_OD,3,71.7948717948718,34.44444444444444,75.0,0.1794871794871795,0.3333333333333333,0.3333333333333333,0.3333333333333333,0.0061588287353515625,0.0019328594207763672
15_Hepatitis,MSR_SFF_OD,4,71.7948717948718,34.44444444444444,75.0,0.1794871794871795,0.3333333333333333,0.3333333333333333,0.3333333333333333,0.005975246429443359,0.0020952224731445312
15_Hepatitis,MSR_SFF_OD,5,84.61538461538461,77.77777777777777,87.5,0.53748384988657,0.5,1.0,0.3333333333333333,0.005161762237548828,0.001867055892944336
16_http,MSR_SFF_OD,1,99.57286432160805,37.03703703703704,99.15,0.605975579031269,0.5405405405405406,0.37037037037037035,1.0,0.5092203617095947,0.016584157943725586
16_http,MSR_SFF_OD,2,99.49723479135244,35.483870967741936,99.0,0.5926809415860066,0.5238095238095238,0.3548387096774194,1.0,0.5206623077392578,0.016313791275024414
16_http,MSR_SFF_OD,3,99.24585218702866,26.82926829268293,98.5,0.51404867096951,0.4230769230769231,0.2682926829268293,1.0,0.5129280090332031,0.016729116439819336
16_http,MSR_SFF_OD,4,99.42182001005531,32.35294117647059,98.85000000000001,0.5654982291076491,0.4888888888888889,0.3235294117647059,1.0,0.509817361831665,0.016140460968017578
16_http,MSR_SFF_OD,5,99.64806435394671,44.0,99.3,0.6609863586449656,0.6111111111111112,0.44,1.0,0.5516374111175537,0.016982078552246094
17_InternetAds,MSR_SFF_OD,1,88.03631756756756,58.57968175852297,86.80203045685279,0.5954159469387658,0.675,0.627906976744186,0.7297297297297297,0.6631426811218262,0.016474246978759766
17_InternetAds,MSR_SFF_OD,2,84.58019147674321,57.272337028427685,87.02290076335878,0.6006506601884575,0.6792452830188679,0.6352941176470588,0.7297297297297297,0.6292617321014404,0.0188748836517334
17_InternetAds,MSR_SFF_OD,3,84.77293908328392,60.7084821915009,88.80407124681933,0.6455545647233889,0.7142857142857143,0.6875,0.7432432432432432,0.624983549118042,0.019389629364013672
17_InternetAds,MSR_SFF_OD,4,86.60958904109589,61.58597713277785,89.05852417302799,0.6564372047222559,0.7225806451612903,0.6829268292682927,0.7671232876712328,0.6310515403747559,0.01897740364074707
17_InternetAds,MSR_SFF_OD,5,86.4105308219178,57.98320398504202,87.53180661577609,0.6371141486846217,0.7065868263473054,0.6276595744680851,0.8082191780821918,0.6292984485626221,0.015752315521240234
18_Ionosphere,MSR_SFF_OD,1,93.33333333333333,83.64935021911766,90.14084507042254,0.7896752558476938,0.8679245283018868,0.8518518518518519,0.8846153846153846,0.0067784786224365234,0.0023322105407714844
18_Ionosphere,MSR_SFF_OD,2,94.66666666666667,87.37414965986395,94.28571428571428,0.8793741412366095,0.9230769230769231,0.8888888888888888,0.96,0.0065686702728271484,0.0023419857025146484
18_Ionosphere,MSR_SFF_OD,3,97.6888888888889,97.01165501165501,94.28571428571428,0.8783100656536798,0.9130434782608695,1.0,0.84,0.006519794464111328,0.002004384994506836
18_Ionosphere,MSR_SFF_OD,4,90.22222222222223,76.12298399275144,85.71428571428571,0.695624320679706,0.8076923076923077,0.7777777777777778,0.84,0.006813764572143555,0.002048969268798828
18_Ionosphere,MSR_SFF_OD,5,88.53333333333333,72.81650607457058,85.71428571428571,0.7159736905232981,0.8214285714285714,0.7419354838709677,0.92,0.006859779357910156,0.002394437789916992
19_landsat,MSR_SFF_OD,1,73.81455597858505,43.990454037350354,79.56487956487956,0.11253676485093964,0.07719298245614035,0.5789473684210527,0.041353383458646614,0.21816039085388184,0.008764982223510742
19_landsat,MSR_SFF_OD,2,77.91896489509769,52.55988544186646,79.72027972027972,0.12582638181025985,0.07773851590106007,0.6470588235294118,0.041353383458646614,0.19361400604248047,0.01075434684753418
19_landsat,MSR_SFF_OD,3,74.83329661452596,45.4561624897511,79.64257964257965,0.13903706989457618,0.10884353741496598,0.5925925925925926,0.0599250936329588,0.20164823532104492,0.010538339614868164
19_landsat,MSR_SFF_OD,4,76.01857971653081,44.71309416613924,79.17637917637917,0.10308293953300911,0.0945945945945946,0.4827586206896552,0.052434456928838954,0.1906111240386963,0.010438203811645508
19_landsat,MSR_SFF_OD,5,80.65249320702064,52.23115993291465,79.40947940947942,0.1241554241938077,0.10774410774410774,0.5333333333333333,0.0599250936329588,0.18635082244873047,0.008831024169921875
20_letter,MSR_SFF_OD,1,97.29166666666667,67.77806596772763,95.0,0.4401955429864206,0.38461538461538464,0.8333333333333334,0.25,0.130126953125,0.005163908004760742
20_letter,MSR_SFF_OD,2,94.81666666666666,62.062798232019524,95.9375,0.6145888788302186,0.6285714285714286,0.7333333333333333,0.55,0.12234854698181152,0.005063295364379883
20_letter,MSR_SFF_OD,3,96.61666666666667,52.580265866440214,94.0625,0.43135741184978077,0.45714285714285713,0.5333333333333333,0.4,0.12500214576721191,0.005099296569824219
20_letter,MSR_SFF_OD,4,97.59166666666667,76.58905833232993,96.25,0.6214101203186254,0.6,0.9,0.45,0.12075519561767578,0.005030155181884766
20_letter,MSR_SFF_OD,5,94.10000000000001,47.313348818015236,94.375,0.44971201491459334,0.47058823529411764,0.5714285714285714,0.4,0.12103986740112305,0.005087614059448242
21_Lymphography,MSR_SFF_OD,1,98.27586206896552,50.0,96.66666666666667,0.6948083337796511,0.6666666666666666,0.5,1.0,0.005372285842895508,0.00179290771484375
21_Lymphography,MSR_SFF_OD,2,100.0,100.0,100.0,1.0,1.0,1.0,1.0,0.006613016128540039,0.002088308334350586
21_Lymphography,MSR_SFF_OD,3,96.42857142857143,50.0,93.33333333333333,0.6813851438692469,0.6666666666666666,0.5,1.0,0.00734257698059082,0.0023038387298583984
21_Lymphography,MSR_SFF_OD,4,100.0,100.0,100.0,1.0,1.0,1.0,1.0,0.006947040557861328,0.002789735794067383
21_Lymphography,MSR_SFF_OD,5,100.0,100.0,100.0,1.0,1.0,1.0,1.0,0.006557464599609375,0.0026216506958007812
22_magic.gamma,MSR_SFF_OD,1,85.35830929898727,79.49616084187288,75.3,0.45260228373401384,0.4722222222222222,0.9444444444444444,0.3148148148148148,0.3838229179382324,0.02571392059326172
22_magic.gamma,MSR_SFF_OD,2,83.6754112177841,77.31437606748104,74.9,0.44305362280506577,0.45788336933045354,0.9464285714285714,0.301994301994302,0.3764760494232178,0.025733470916748047
22_magic.gamma,MSR_SFF_OD,3,84.91970991970992,79.09243388312967,75.9,0.4698946476792107,0.4883227176220807,0.9583333333333334,0.32763532763532766,0.3744540214538574,0.02664637565612793
22_magic.gamma,MSR_SFF_OD,4,86.07619819481462,79.26777304618906,75.8,0.4600833423073539,0.49478079331941544,0.9221789883268483,0.33808844507845937,0.3830881118774414,0.02581334114074707
22_magic.gamma,MSR_SFF_OD,5,83.65350719691105,77.55729642704617,74.5,0.43338700160266996,0.4407894736842105,0.95260663507109,0.2867332382310984,0.3685915470123291,0.0275266170501709
23_mammography,MSR_SFF_OD,1,86.32963910201762,24.405061319321515,97.65,0.35496667831369194,0.3561643835616438,0.4642857142857143,0.28888888888888886,0.7286345958709717,0.03749513626098633
23_mammography,MSR_SFF_OD,2,88.5331059960216,24.520509616188075,97.39999999999999,0.36872522622011944,0.38095238095238093,0.41025641025641024,0.35555555555555557,0.7220056056976318,0.02982306480407715
23_mammography,MSR_SFF_OD,3,86.3529411764706,23.474879298905222,97.6,0.3328311537427762,0.3333333333333333,0.4444444444444444,0.26666666666666666,0.7031745910644531,0.036809682846069336
23_mammography,MSR_SFF_OD,4,90.19039499857912,29.314330535494264,97.6,0.43011004139619086,0.4418604651162791,0.4634146341463415,0.4222222222222222,0.7113461494445801,0.02789473533630371
23_mammography,MSR_SFF_OD,5,90.44657558631124,28.40896394052997,97.45,0.37498315077494265,0.3855421686746988,0.43243243243243246,0.34782608695652173,0.6819005012512207,0.026224136352539062
24_mnist,MSR_SFF_OD,1,91.8157132512672,57.429250852711434,92.24194608809994,0.3978415846331966,0.3723404255319149,0.7291666666666666,0.25,0.4284250736236572,0.01867198944091797
24_mnist,MSR_SFF_OD,2,93.57065273611255,62.641744345793256,92.89940828402366,0.4749235460528071,0.46534653465346537,0.7580645161290323,0.3357142857142857,0.42133665084838867,0.018800020217895508
24_mnist,MSR_SFF_OD,3,95.43188165925314,66.62212697203049,92.96515450361605,0.4778227743405558,0.4623115577889447,0.7796610169491526,0.32857142857142857,0.41344785690307617,0.019961118698120117
24_mnist,MSR_SFF_OD,4,93.42184265010353,62.60504950506199,92.56578947368422,0.4313301783104946,0.4021164021164021,0.7755102040816326,0.2714285714285714,0.42098355293273926,0.01867532730102539
24_mnist,MSR_SFF_OD,5,95.11490683229813,64.64913994726729,91.84210526315789,0.33938722844440844,0.29545454545454547,0.7222222222222222,0.18571428571428572,0.4257502555847168,0.01905345916748047
25_musk,MSR_SFF_OD,1,98.73524451939292,57.14285714285714,97.55301794453507,0.7463070568330278,0.7272727272727273,0.5714285714285714,1.0,0.18466925621032715,0.0074045658111572266
25_musk,MSR_SFF_OD,2,99.24114671163575,68.96551724137932,98.53181076672104,0.8241287705846221,0.8163265306122449,0.6896551724137931,1.0,0.18528151512145996,0.0077517032623291016
25_musk,MSR_SFF_OD,3,98.8195615514334,57.57575757575758,97.7124183006536,0.7497763987803436,0.7307692307692307,0.5757575757575758,1.0,0.1873764991760254,0.007064342498779297
25_musk,MSR_SFF_OD,4,99.66273187183812,82.6086956521739,99.34640522875817,0.905822665035071,0.9047619047619048,0.8260869565217391,1.0,0.19068098068237305,0.00848841667175293
25_musk,MSR_SFF_OD,5,99.24114671163575,67.85714285714286,98.52941176470588,0.8174794831506168,0.8085106382978723,0.6785714285714286,1.0,0.18378829956054688,0.008449077606201172
26_optdigits,MSR_SFF_OD,1,94.72386587771203,20.550520422432964,95.78544061302682,-0.020053355611796195,0.0,0.0,0.0,0.21337461471557617,0.009935140609741211
26_optdigits,MSR_SFF_OD,2,96.61072721289898,28.900501639456227,96.5484180249281,-0.01309007550682401,0.0,0.0,0.0,0.22200822830200195,0.009805917739868164
26_optdigits,MSR_SFF_OD,3,97.02204672589669,33.064566460289804,96.64429530201343,-0.011943791958904118,0.0,0.0,0.0,0.2160320281982422,0.010582208633422852
26_optdigits,MSR_SFF_OD,4,97.86442908851596,39.96082588088204,96.5484180249281,-0.01309007550682401,0.0,0.0,0.0,0.23174619674682617,0.010706186294555664
26_optdigits,MSR_SFF_OD,5,95.31260282987824,22.542957633383256,95.0143815915628,0.011847984011117507,0.037037037037037035,0.041666666666666664,0.03333333333333333,0.22277450561523438,0.010817527770996094
27_PageBlocks,MSR_SFF_OD,1,95.04385172697533,72.07404380631867,95.08804448563485,0.685668268664289,0.7039106145251397,0.8181818181818182,0.6176470588235294,0.2208702564239502,0.017151832580566406
27_PageBlocks,MSR_SFF_OD,2,95.17731350472634,70.97815489529559,94.62465245597775,0.6498447197584726,0.6666666666666666,0.8055555555555556,0.5686274509803921,0.20870590209960938,0.017643213272094727
27_PageBlocks,MSR_SFF_OD,3,93.69719228530717,73.31799495507838,95.27340129749768,0.6924019246952122,0.7017543859649122,0.8695652173913043,0.5882352941176471,0.19556236267089844,0.017971277236938477
27_PageBlocks,MSR_SFF_OD,4,92.88612986178079,72.68306827811944,94.89795918367348,0.6637355866631661,0.6706586826347305,0.8615384615384616,0.5490196078431373,0.20792055130004883,0.016781091690063477
27_PageBlocks,MSR_SFF_OD,5,94.43105110896818,77.05148281748113,95.73283858998145,0.7259868568594345,0.735632183908046,0.8888888888888888,0.6274509803921569,0.2063140869140625,0.016479969024658203
28_pendigits,MSR_SFF_OD,1,99.32985852568876,63.26530612244898,98.68995633187772,0.7900466569266399,0.775,0.6326530612244898,1.0,0.298234224319458,0.008260726928710938
28_pendigits,MSR_SFF_OD,2,99.59046909903202,73.80952380952381,99.19941775836972,0.8555990778034369,0.8493150684931506,0.7380952380952381,1.0,0.28156256675720215,0.007872343063354492
28_pendigits,MSR_SFF_OD,3,99.59046909903202,73.80952380952381,99.19941775836972,0.8555990778034369,0.8493150684931506,0.7380952380952381,1.0,0.2923922538757324,0.011736631393432617
28_pendigits,MSR_SFF_OD,4,99.48718564600196,71.49659112429771,99.05385735080058,0.8190832458489998,0.8169014084507042,0.725,0.9354838709677419,0.2898242473602295,0.01096796989440918
28_pendigits,MSR_SFF_OD,5,99.44113263785395,68.08510638297872,98.90829694323145,0.8205126172513434,0.810126582278481,0.6808510638297872,1.0,0.28234195709228516,0.009662628173828125
29_Pima,MSR_SFF_OD,1,65.03703703703704,49.0344296112735,65.5844155844156,0.1195115096953746,0.208955223880597,0.5384615384615384,0.12962962962962962,0.024123430252075195,0.015787839889526367
29_Pima,MSR_SFF_OD,2,75.92592592592592,63.40014947496947,63.63636363636363,-0.08429272304235247,0.0,0.0,0.0,0.022357463836669922,0.016096115112304688
29_Pima,MSR_SFF_OD,3,75.07407407407408,65.20223942569632,65.5844155844156,0.11001639366407492,0.03636363636363636,1.0,0.018518518518518517,0.02170252799987793,0.015146970748901367
29_Pima,MSR_SFF_OD,4,71.76415094339623,57.14077516859184,65.359477124183,0.037149797572834924,0.03636363636363636,0.5,0.018867924528301886,0.021595001220703125,0.016200542449951172
29_Pima,MSR_SFF_OD,5,66.5754716981132,49.932341672857625,65.359477124183,0.037149797572834924,0.03636363636363636,0.5,0.018867924528301886,0.022548198699951172,0.016582250595092773
30_satellite,MSR_SFF_OD,1,86.1173777082868,80.61775900643413,83.76068376068376,0.6182725358693985,0.6677265500794912,0.9459459459459459,0.515970515970516,0.20154833793640137,0.006722450256347656
30_satellite,MSR_SFF_OD,2,88.05910766138038,83.69672092138836,85.47008547008546,0.6628409372602964,0.7082683307332294,0.9700854700854701,0.5577395577395577,0.17568516731262207,0.009891986846923828
30_satellite,MSR_SFF_OD,3,87.92857940585212,82.14725062143619,84.53768453768454,0.6373822424034367,0.6885758998435054,0.9482758620689655,0.5405405405405406,0.20265507698059082,0.010642528533935547
30_satellite,MSR_SFF_OD,4,86.06935447844538,79.76292677172039,84.38228438228438,0.6335770759182314,0.6844583987441131,0.9478260869565217,0.5356265356265356,0.17972755432128906,0.010016441345214844
30_satellite,MSR_SFF_OD,5,88.7352495036695,85.67498445017907,84.22688422688422,0.636448245032655,0.6720516962843296,0.985781990521327,0.5098039215686274,0.1463329792022705,0.009804487228393555
31_satimage-2,MSR_SFF_OD,1,99.55785278365924,69.77595385980479,99.48320413436691,0.7992186952296692,0.8,0.75,0.8571428571428571,0.2339787483215332,0.010241270065307617
31_satimage-2,MSR_SFF_OD,2,99.08456843940715,40.0,98.19121447028424,0.626639088722733,0.5714285714285714,0.4,1.0,0.22519564628601074,0.010198593139648438
31_satimage-2,MSR_SFF_OD,3,99.52006980802793,57.692307692307686,99.05254091300603,0.7559004040625065,0.7317073170731707,0.5769230769230769,1.0,0.27538514137268066,0.010091304779052734
31_satimage-2,MSR_SFF_OD,4,99.46709050112192,57.30915426037379,99.13793103448276,0.737056025403983,0.7222222222222222,0.5909090909090909,0.9285714285714286,0.2339792251586914,0.008765697479248047
31_satimage-2,MSR_SFF_OD,5,99.3455497382199,48.275862068965516,98.70689655172413,0.6902461811382343,0.6511627906976745,0.4827586206896552,1.0,0.23749136924743652,0.008982658386230469
32_shuttle,MSR_SFF_OD,1,99.61489182829095,92.7956570507671,99.35000000000001,0.9535997882286205,0.9568106312292359,0.935064935064935,0.9795918367346939,0.7129409313201904,0.016313791275024414
32_shuttle,MSR_SFF_OD,2,99.2470382648472,84.77502614899487,98.6,0.906423226039509,0.9113924050632911,0.8520710059171598,0.9795918367346939,0.7175991535186768,0.016574382781982422
32_shuttle,MSR_SFF_OD,3,99.70043063096799,94.235406760379,99.5,0.9641905212806039,0.9666666666666667,0.9477124183006536,0.9863945578231292,0.7015893459320068,0.016669511795043945
32_shuttle,MSR_SFF_OD,4,99.3793847814355,86.47058823529412,98.85000000000001,0.9241065359305343,0.9274447949526814,0.8647058823529412,1.0,0.7305028438568115,0.01572275161743164
32_shuttle,MSR_SFF_OD,5,99.20502305761485,83.41798724084636,98.45,0.8993796712319752,0.9040247678018576,0.8342857142857143,0.9864864864864865,0.6859819889068604,0.016904354095458984
33_skin,MSR_SFF_OD,1,99.05959678191743,94.80263443824619,93.95,0.8125733100322156,0.8393094289508632,0.9604863221884499,0.7452830188679245,0.3343782424926758,0.016853809356689453
33_skin,MSR_SFF_OD,2,98.71073762838469,92.05814096270915,93.0,0.7816556257928805,0.8153034300791556,0.9279279279279279,0.7270588235294118,0.33187127113342285,0.01662158966064453
33_skin,MSR_SFF_OD,3,99.02401493930904,93.90918842446906,94.3,0.8238975360111784,0.8527131782945736,0.9455587392550143,0.7764705882352941,0.33345770835876465,0.016460657119750977
33_skin,MSR_SFF_OD,4,99.28649859943977,95.78729227587831,94.75,0.8385286669327154,0.8634590377113134,0.9651162790697675,0.7811764705882352,0.3334527015686035,0.01649308204650879
33_skin,MSR_SFF_OD,5,99.25759103641457,95.87998191272784,92.85,0.7778825969588905,0.8027586206896552,0.97,0.6847058823529412,0.33553528785705566,0.016864299774169922
34_smtp,MSR_SFF_OD,1,,0.0,99.05000000000001,0.0,0.0,0.0,0.0,0.513404130935669,0.016880512237548828
34_smtp,MSR_SFF_OD,2,,0.0,98.65,0.0,0.0,0.0,0.0,0.5047445297241211,0.015705347061157227
34_smtp,MSR_SFF_OD,3,,0.0,98.75,0.0,0.0,0.0,0.0,0.5091769695281982,0.015936851501464844
34_smtp,MSR_SFF_OD,4,99.5247623811906,5.0,99.05000000000001,0.222541596968276,0.09523809523809523,0.05,1.0,0.5134668350219727,0.016732454299926758
34_smtp,MSR_SFF_OD,5,80.74037018509254,0.2590673575129534,99.05000000000001,-0.0021314641399710725,0.0,0.0,0.0,0.5191404819488525,0.01673126220703125
35_SpamBase,MSR_SFF_OD,1,85.71016845473368,80.71663939150291,67.10213776722091,0.324975448305743,0.31265508684863524,0.9402985074626866,0.1875,0.1403672695159912,0.004502296447753906
35_SpamBase,MSR_SFF_OD,2,86.78006775832864,80.4632580741519,69.83372921615202,0.3812786362261229,0.4200913242009132,0.9019607843137255,0.27380952380952384,0.13536834716796875,0.004584074020385742
35_SpamBase,MSR_SFF_OD,3,87.73986327204149,83.65904065766487,68.72770511296076,0.3649787299941159,0.3723150357995227,0.9397590361445783,0.23214285714285715,0.1341719627380371,0.006636142730712891
35_SpamBase,MSR_SFF_OD,4,84.9534417727487,81.09420058844775,68.96551724137932,0.3686091815953479,0.3829787234042553,0.9310344827586207,0.24107142857142858,0.1393580436706543,0.004222393035888672
35_SpamBase,MSR_SFF_OD,5,86.797239100938,81.15099291898537,67.77645659928656,0.3365435720450732,0.340632603406326,0.9210526315789473,0.208955223880597,0.14208626747131348,0.0058977603912353516
36_speech,MSR_SFF_OD,1,71.19363395225464,3.8386367031978974,91.05691056910568,0.07446753165834415,0.08333333333333333,0.05084745762711865,0.23076923076923078,0.3567779064178467,0.019361019134521484
36_speech,MSR_SFF_OD,2,62.804597701149426,3.631884668023946,92.53731343283582,0.09476907340708911,0.09836065573770492,0.061224489795918366,0.25,0.3672444820404053,0.018812179565429688
36_speech,MSR_SFF_OD,3,62.000000000000014,2.9883729709221107,90.23066485753053,0.03647099027720015,0.05263157894736842,0.03125,0.16666666666666666,0.3853323459625244,0.016861438751220703
36_speech,MSR_SFF_OD,4,60.89655172413793,2.435958109754644,91.45183175033921,0.005687164126856978,0.03076923076923077,0.018867924528301886,0.08333333333333333,0.3489234447479248,0.018514394760131836
36_speech,MSR_SFF_OD,5,71.7183908045977,4.017212498415068,91.85888738127545,0.08725536106053304,0.09090909090909091,0.05555555555555555,0.25,0.3783118724822998,0.017992258071899414
37_Stamps,MSR_SFF_OD,1,98.12646370023418,74.0702947845805,88.23529411764706,-0.0413853565494633,0.0,0.0,0.0,0.020469188690185547,0.014917373657226562
37_Stamps,MSR_SFF_OD,2,95.96774193548386,57.285353535353536,91.17647058823529,0.0,0.0,0.0,0.0,0.01966547966003418,0.016225814819335938
37_Stamps,MSR_SFF_OD,3,97.71505376344086,69.16666666666667,91.17647058823529,0.2527141685011451,0.25,0.5,0.16666666666666666,0.019060850143432617,0.01498556137084961
37_Stamps,MSR_SFF_OD,4,97.84946236559139,70.27777777777779,89.70588235294117,-0.03800514371086353,0.0,0.0,0.0,0.019841670989990234,0.015009641647338867
37_Stamps,MSR_SFF_OD,5,92.74193548387098,50.416666666666664,92.64705882352942,0.4381201540315445,0.4444444444444444,0.6666666666666666,0.3333333333333333,0.020768404006958008,0.01513671875
38_thyroid,MSR_SFF_OD,1,96.95366132723112,49.21306064997736,97.74834437086093,0.47938887363930976,0.48484848484848486,0.5714285714285714,0.42105263157894735,0.13057470321655273,0.01653313636779785
38_thyroid,MSR_SFF_OD,2,94.89058924485126,50.66133987976785,98.01324503311258,0.5846433465237421,0.5945945945945946,0.6111111111111112,0.5789473684210527,0.13138079643249512,0.016498088836669922
38_thyroid,MSR_SFF_OD,3,99.15458937198068,60.62926693975081,98.27586206896551,0.6599309291598944,0.6666666666666666,0.6190476190476191,0.7222222222222222,0.13505029678344727,0.01674509048461914
38_thyroid,MSR_SFF_OD,4,99.20742753623189,67.73249898249898,98.80636604774536,0.7655310820857348,0.7692307692307693,0.7142857142857143,0.8333333333333334,0.15003681182861328,0.015543222427368164
38_thyroid,MSR_SFF_OD,5,98.46043680630146,51.400965169724365,97.61273209549071,0.538480560544373,0.55,0.5238095238095238,0.5789473684210527,0.13075995445251465,0.016673803329467773
39_vertebral,MSR_SFF_OD,1,36.904761904761905,25.67941141584552,87.5,0.0,0.0,0.0,0.0,0.018650054931640625,0.014984369277954102
39_vertebral,MSR_SFF_OD,2,43.650793650793645,13.210076960076961,87.5,0.0,0.0,0.0,0.0,0.021499156951904297,0.017507553100585938
39_vertebral,MSR_SFF_OD,3,46.42857142857142,15.266754850088182,85.41666666666666,-0.055131784641997125,0.0,0.0,0.0,0.02012944221496582,0.01639080047607422
39_vertebral,MSR_SFF_OD,4,67.85714285714286,26.46769783118888,87.5,0.0,0.0,0.0,0.0,0.018857955932617188,0.016097307205200195
39_vertebral,MSR_SFF_OD,5,44.841269841269835,12.546292095180478,85.41666666666666,-0.055131784641997125,0.0,0.0,0.0,0.01859879493713379,0.015876293182373047
40_vowels,MSR_SFF_OD,1,99.822695035461,90.9090909090909,99.65753424657534,0.9517705513740835,0.9523809523809523,0.9090909090909091,1.0,0.049173831939697266,0.01622295379638672
40_vowels,MSR_SFF_OD,2,98.57651245551601,55.55555555555556,97.2508591065292,0.7346693319334292,0.7142857142857143,0.5555555555555556,1.0,0.046224355697631836,0.015569210052490234
40_vowels,MSR_SFF_OD,3,99.46619217081852,76.92307692307693,98.96907216494846,0.8723636518617195,0.8695652173913043,0.7692307692307693,1.0,0.04804420471191406,0.015917062759399414
40_vowels,MSR_SFF_OD,4,99.46619217081852,76.92307692307693,98.96907216494846,0.8723636518617195,0.8695652173913043,0.7692307692307693,1.0,0.04512190818786621,0.016398191452026367
40_vowels,MSR_SFF_OD,5,99.82206405693951,90.9090909090909,99.65635738831615,0.9517645245154773,0.9523809523809523,0.9090909090909091,1.0,0.046744346618652344,0.01591634750366211
41_Waveform,MSR_SFF_OD,1,73.70702541106128,12.190951554230027,96.66182873730044,0.15489998675811972,0.14814814814814814,0.2857142857142857,0.1,0.14381790161132812,0.0044977664947509766
41_Waveform,MSR_SFF_OD,2,80.64275037369207,13.090611390066748,96.66182873730044,0.15489998675811972,0.14814814814814814,0.2857142857142857,0.1,0.13706326484680176,0.004824161529541016
41_Waveform,MSR_SFF_OD,3,72.19730941704037,10.958055628381905,96.37155297532655,0.13238935011413397,0.13793103448275862,0.2222222222222222,0.1,0.14901947975158691,0.0043277740478515625
41_Waveform,MSR_SFF_OD,4,77.7806886227545,23.10621713157656,96.80232558139535,0.37512710515802145,0.3888888888888889,0.4375,0.35,0.14424800872802734,0.0036907196044921875
41_Waveform,MSR_SFF_OD,5,70.3630239520958,8.50940657852636,95.05813953488372,0.12455089820359282,0.15,0.15,0.15,0.13672327995300293,0.003983974456787109
42_WBC,MSR_SFF_OD,1,95.93023255813954,45.0,95.55555555555556,0.47674418604651164,0.5,0.5,0.5,0.018074512481689453,0.014636754989624023
42_WBC,MSR_SFF_OD,2,98.83720930232558,66.66666666666666,97.77777777777777,0.806946584785929,0.8,0.6666666666666666,1.0,0.018170595169067383,0.016960859298706055
42_WBC,MSR_SFF_OD,3,100.0,100.0,100.0,1.0,1.0,1.0,1.0,0.020192861557006836,0.016084671020507812
42_WBC,MSR_SFF_OD,4,98.80952380952381,66.66666666666666,97.72727272727273,0.8067178260046389,0.8,0.6666666666666666,1.0,0.019108295440673828,0.015933513641357422
42_WBC,MSR_SFF_OD,5,96.42857142857143,41.666666666666664,93.18181818181817,0.37384484619727165,0.4,0.3333333333333333,0.5,0.018558263778686523,0.01627969741821289
43_WDBC,MSR_SFF_OD,1,99.30555555555556,66.66666666666666,98.64864864864865,0.8108066399625792,0.8,0.6666666666666666,1.0,0.010082483291625977,0.002329111099243164
43_WDBC,MSR_SFF_OD,2,95.1388888888889,22.22222222222222,90.54054054054053,0.44790320823880836,0.36363636363636365,0.2222222222222222,1.0,0.011264801025390625,0.0024271011352539062
43_WDBC,MSR_SFF_OD,3,98.59154929577466,50.0,97.26027397260275,0.697076389614328,0.6666666666666666,0.5,1.0,0.01096034049987793,0.0026776790618896484
43_WDBC,MSR_SFF_OD,4,99.29577464788733,66.66666666666666,98.63013698630137,0.8107262147637538,0.8,0.6666666666666666,1.0,0.011144876480102539,0.00267791748046875
43_WDBC,MSR_SFF_OD,5,99.29577464788733,66.66666666666666,98.63013698630137,0.8107262147637538,0.8,0.6666666666666666,1.0,0.010814189910888672,0.002576112747192383
44_Wilt,MSR_SFF_OD,1,81.83409244264507,14.335001345005121,93.67219917012449,-0.02318055455920082,0.0,0.0,0.0,0.15952348709106445,0.0164339542388916
44_Wilt,MSR_SFF_OD,2,84.83046558704453,16.26482112712475,93.25726141078839,-0.02791808790284229,0.0,0.0,0.0,0.14950346946716309,0.016092777252197266
44_Wilt,MSR_SFF_OD,3,83.10461095719778,16.213572778302193,93.67219917012449,-0.02419777933219467,0.0,0.0,0.0,0.18723320960998535,0.01577281951904297
44_Wilt,MSR_SFF_OD,4,80.06571741511502,13.23885760655929,93.04979253112033,-0.030704746907644846,0.0,0.0,0.0,0.15450429916381836,0.016360998153686523
44_Wilt,MSR_SFF_OD,5,77.97987616099071,12.994645641517872,94.4963655244029,-0.010788000871934494,0.0,0.0,0.0,0.14907193183898926,0.016115188598632812
45_wine,MSR_SFF_OD,1,100.0,100.0,100.0,1.0,1.0,1.0,1.0,0.018392324447631836,0.016071796417236328
45_wine,MSR_SFF_OD,2,100.0,100.0,96.15384615384616,0.6928203230275508,0.6666666666666666,1.0,0.5,0.018793106079101562,0.016102313995361328
45_wine,MSR_SFF_OD,3,83.33333333333334,26.666666666666668,84.61538461538461,-0.08333333333333333,0.0,0.0,0.0,0.019669532775878906,0.01592874526977539
45_wine,MSR_SFF_OD,4,90.625,32.5,84.61538461538461,0.27695585470349865,0.3333333333333333,0.25,0.5,0.01886725425720215,0.016001224517822266
45_wine,MSR_SFF_OD,5,97.82608695652173,66.66666666666666,96.0,0.7985494095046906,0.8,0.6666666666666666,1.0,0.019307374954223633,0.016065597534179688
46_WPBC,MSR_SFF_OD,1,49.46236559139785,22.394010833947732,77.5,0.0,0.0,0.0,0.0,0.005765438079833984,0.0018596649169921875
46_WPBC,MSR_SFF_OD,2,58.666666666666664,30.372610627828838,70.0,0.08084520834544433,0.25,0.3333333333333333,0.2,0.006178140640258789,0.0020694732666015625
46_WPBC,MSR_SFF_OD,3,34.333333333333336,20.127861098369266,65.0,-0.19245008972987526,0.0,0.0,0.0,0.006376743316650391,0.001974344253540039
46_WPBC,MSR_SFF_OD,4,52.962962962962955,25.136420301337846,76.92307692307693,0.0,0.0,0.0,0.0,0.006397247314453125,0.001897573471069336
46_WPBC,MSR_SFF_OD,5,60.74074074074074,28.90329218106996,64.1025641025641,-0.09759000729485331,0.125,0.14285714285714285,0.1111111111111111,0.005765199661254883,0.0018193721771240234
47_yeast,MSR_SFF_OD,1,47.99454435239442,34.63028001875592,67.003367003367,0.1218731461407827,0.10909090909090909,0.6666666666666666,0.0594059405940594,0.10674023628234863,0.01491403579711914
47_yeast,MSR_SFF_OD,2,49.69438270357649,34.606027224272516,65.31986531986533,-0.022214229240660556,0.01904761904761905,0.25,0.009900990099009901,0.030988216400146484,0.016060590744018555
47_yeast,MSR_SFF_OD,3,47.99145299145299,34.01753866431751,64.98316498316498,-0.02299014875789454,0.018867924528301886,0.25,0.00980392156862745,0.031987667083740234,0.016249418258666992
47_yeast,MSR_SFF_OD,4,50.346907993966816,35.48603301352454,65.31986531986533,-0.0021487744199863816,0.01904761904761905,0.3333333333333333,0.00980392156862745,0.031813859939575195,0.015419721603393555
47_yeast,MSR_SFF_OD,5,48.26097994414826,34.15233872254845,65.54054054054053,-0.04190177043906209,0.0,0.0,0.0,0.032765865325927734,0.015512466430664062
