Dataset,Model,KFold,AUCROC,AUCPR,Accuracy,MCC,F1 Score,Precision,Recall,Time Train,Time Test
1_ALOI,LUNAR,1,55.50705625124229,9.38988021789087,93.4,0.09914852968626489,0.13157894736842105,0.11494252873563218,0.15384615384615385,20.852713346481323,0.0927586555480957
1_ALOI,LUNAR,2,52.401438978620185,4.592442305407055,93.35,0.06213637882153694,0.09523809523809523,0.08333333333333333,0.1111111111111111,17.249051332473755,0.08323383331298828
1_ALOI,LUNAR,3,60.21780789904183,4.614921852809648,94.05,0.06252537073429001,0.0916030534351145,0.07894736842105263,0.10909090909090909,16.864519596099854,0.08913302421569824
1_ALOI,LUNAR,4,57.72766323024056,5.162848832956607,93.65,0.05462392491561762,0.08633093525179857,0.0759493670886076,0.1,18.036046504974365,0.08430862426757812
1_ALOI,LUNAR,5,58.584165073044645,5.043236996539944,93.05,0.0463527689418521,0.07947019867549669,0.06521739130434782,0.1016949152542373,18.352001667022705,0.08559298515319824
2_annthyroid,LUNAR,1,87.10874462076386,37.402529627496314,92.84722222222223,0.3733591711299057,0.4114285714285714,0.41379310344827586,0.4090909090909091,11.743622303009033,0.06536149978637695
2_annthyroid,LUNAR,2,91.24350083718029,49.91989425050546,88.68055555555556,0.5022808661269624,0.5191740412979351,0.38596491228070173,0.7927927927927928,11.195119380950928,0.08867812156677246
2_annthyroid,LUNAR,3,91.57308138383638,52.587466291491914,92.77777777777779,0.4841140704314751,0.5229357798165137,0.5089285714285714,0.5377358490566038,11.901805877685547,0.0646812915802002
2_annthyroid,LUNAR,4,85.26852947504304,34.27914597381313,87.98611111111111,0.29235812684210466,0.352059925093633,0.3032258064516129,0.41964285714285715,14.359976053237915,0.07507920265197754
2_annthyroid,LUNAR,5,89.49163711068474,48.82736792799371,67.84722222222223,0.34140927737541454,0.3260553129548763,0.19649122807017544,0.9572649572649573,12.213340759277344,0.07593822479248047
3_backdoor,LUNAR,1,96.79304175707053,88.13285878188168,91.4,0.4517870803438438,0.37681159420289856,0.23423423423423423,0.9629629629629629,20.003741979599,0.25428080558776855
3_backdoor,LUNAR,2,97.82186669603887,77.83020308032961,96.45,0.5416287054601253,0.4892086330935252,0.3333333333333333,0.918918918918919,17.015693426132202,0.2319338321685791
3_backdoor,LUNAR,3,90.27322976973252,78.06683370715794,96.55,0.5989864386556066,0.5868263473053892,0.4537037037037037,0.8305084745762712,17.019237518310547,0.23804807662963867
3_backdoor,LUNAR,4,89.76226826608507,65.18610083642636,95.65,0.4405032573309705,0.3916083916083916,0.25925925925925924,0.8,18.07906675338745,0.2390275001525879
3_backdoor,LUNAR,5,91.45363635449048,65.6608550052002,95.0,0.5001053752718445,0.46236559139784944,0.31851851851851853,0.8431372549019608,16.544947862625122,0.23711585998535156
4_breastw,LUNAR,1,99.03972064600612,98.68715726030044,94.8905109489051,0.9017995640655315,0.943089430894309,0.8923076923076924,1.0,1.6100237369537354,0.0041904449462890625
4_breastw,LUNAR,2,99.46115288220551,97.6203659758477,89.78102189781022,0.7996709849747747,0.8571428571428571,0.75,1.0,1.602989912033081,0.004495859146118164
4_breastw,LUNAR,3,98.85332059245103,97.55907713353034,91.24087591240875,0.8297700754869088,0.8846153846153846,0.7931034482758621,1.0,1.5510671138763428,0.00422215461730957
4_breastw,LUNAR,4,97.39108409321176,89.78274501287439,83.08823529411765,0.6986074528365382,0.7850467289719626,0.6461538461538462,1.0,1.4987444877624512,0.004209995269775391
4_breastw,LUNAR,5,99.51557093425605,99.18363354425763,96.32352941176471,0.9258200997725515,0.9532710280373832,0.9107142857142857,1.0,1.5386667251586914,0.005218029022216797
5_campaign,LUNAR,1,67.17031992622545,22.822850124326248,87.3,0.19832123062609233,0.2485207100591716,0.3620689655172414,0.1891891891891892,14.643529415130615,0.11061954498291016
5_campaign,LUNAR,2,70.37806750817963,31.36083843954799,85.85000000000001,0.2454112251704515,0.3180722891566265,0.3793103448275862,0.27385892116182575,18.394834280014038,0.11227226257324219
5_campaign,LUNAR,3,69.55825803383384,30.58175736003764,88.75,0.2786788230857514,0.3283582089552239,0.4230769230769231,0.2682926829268293,18.937501668930054,0.11121392250061035
5_campaign,LUNAR,4,70.00890804525186,25.590919547192993,87.6,0.2265174301785259,0.27485380116959063,0.3949579831932773,0.21076233183856502,20.0276095867157,0.11178088188171387
5_campaign,LUNAR,5,65.51221983031532,26.62654945264909,88.2,0.21197317496549167,0.25316455696202533,0.38461538461538464,0.18867924528301888,19.97273540496826,0.11226940155029297
6_cardio,LUNAR,1,97.07186544342508,83.64373670299531,93.18801089918256,0.6936495272376857,0.7252747252747253,0.6470588235294118,0.825,4.249537944793701,0.0072629451751708984
6_cardio,LUNAR,2,97.2537207654146,83.96782323380343,94.26229508196722,0.6826046171744873,0.7123287671232876,0.6666666666666666,0.7647058823529411,4.238361597061157,0.00815272331237793
6_cardio,LUNAR,3,95.58531746031746,74.64076112596199,90.98360655737704,0.5700420854565711,0.5925925925925926,0.47058823529411764,0.8,4.443846702575684,0.008157730102539062
6_cardio,LUNAR,4,95.87769587769588,84.74447062831871,95.3551912568306,0.7372288626208523,0.7605633802816901,0.7105263157894737,0.8181818181818182,4.884954452514648,0.007734060287475586
6_cardio,LUNAR,5,95.02077942444915,66.10203411938197,89.34426229508196,0.5980915307721463,0.6285714285714286,0.5,0.8461538461538461,4.332094430923462,0.0073549747467041016
7_Cardiotocography,LUNAR,1,75.6108597285068,57.48906279897812,82.26950354609929,0.397432384058216,0.4966442953020134,0.578125,0.43529411764705883,3.8993992805480957,0.007775068283081055
7_Cardiotocography,LUNAR,2,78.46598202824133,62.84928174977974,83.21513002364065,0.44560746537614576,0.4740740740740741,0.8,0.3368421052631579,3.3628029823303223,0.007726192474365234
7_Cardiotocography,LUNAR,3,79.49117341640707,62.75710479728387,80.6146572104019,0.39074575236418657,0.4533333333333333,0.7083333333333334,0.3333333333333333,3.3247690200805664,0.007961034774780273
7_Cardiotocography,LUNAR,4,80.0178736925725,63.28093468108638,83.68794326241135,0.4403200044863267,0.4732824427480916,0.775,0.34065934065934067,3.4640278816223145,0.0073089599609375
7_Cardiotocography,LUNAR,5,80.97852730659869,67.57726277541285,84.36018957345972,0.5042474340743012,0.5875,0.7014925373134329,0.5053763440860215,3.4038119316101074,0.007986307144165039
8_celeba,LUNAR,1,62.304687499999986,4.035120790974336,93.65,0.015547009049030827,0.045112781954887216,0.03529411764705882,0.0625,17.556307554244995,0.10180211067199707
8_celeba,LUNAR,2,65.93956598065216,4.849064473033642,91.3,0.06645607872391095,0.08421052631578947,0.053691275167785234,0.1951219512195122,17.8086256980896,0.09787774085998535
8_celeba,LUNAR,3,57.2927241962775,1.9214075832237305,93.60000000000001,-0.009436902305441695,0.015384615384615385,0.01,0.03333333333333333,22.272997856140137,0.09588098526000977
8_celeba,LUNAR,4,66.9323076923077,7.574509890439478,93.30000000000001,0.08081901942077097,0.10666666666666667,0.08,0.16,19.432823181152344,0.09229350090026855
8_celeba,LUNAR,5,57.59107000114195,5.049911506763884,92.95,0.06019652501854338,0.09032258064516129,0.06930693069306931,0.12962962962962962,19.032501459121704,0.09750723838806152
9_census,LUNAR,1,70.63048121623319,8.64615478275368,88.94999999999999,0.009661378911251961,0.06751054852320675,0.06060606060606061,0.0761904761904762,19.427382230758667,0.5120275020599365
9_census,LUNAR,2,68.95571491381008,10.925420949704936,88.14999999999999,0.022339900330259843,0.08494208494208494,0.09401709401709402,0.07746478873239436,21.906718254089355,0.512627363204956
9_census,LUNAR,3,67.61173190144142,9.600029984115201,87.9,0.025491733792110855,0.09022556390977443,0.08759124087591241,0.09302325581395349,20.223159313201904,0.4610748291015625
9_census,LUNAR,4,65.31601877775745,7.613437045289112,77.2,0.015235619113119356,0.09881422924901186,0.06361323155216285,0.22123893805309736,18.364763975143433,0.4903559684753418
9_census,LUNAR,5,66.61005334824338,9.485460070214586,88.25,0.022830168448136463,0.08560311284046693,0.08461538461538462,0.08661417322834646,20.308818340301514,0.4809079170227051
10_cover,LUNAR,1,98.14511729405346,83.32690012195944,97.89999999999999,0.5652396230600473,0.5227272727272727,0.3709677419354839,0.8846153846153846,19.267194271087646,0.19605612754821777
10_cover,LUNAR,2,99.58864664747018,47.16298525721277,97.3,0.4057539509464657,0.2894736842105263,0.16923076923076924,1.0,19.615429401397705,0.2078711986541748
10_cover,LUNAR,3,98.58233369683752,62.550042527669326,68.60000000000001,0.1895228961118682,0.10028653295128939,0.05279034690799397,1.0,20.320653915405273,0.19547057151794434
10_cover,LUNAR,4,98.68181818181819,52.13663106767045,85.85000000000001,0.23784937229065073,0.1238390092879257,0.066006600660066,1.0,19.550918579101562,0.1831188201904297
10_cover,LUNAR,5,99.21623847604877,49.99457733267834,97.8,0.5221770149704008,0.45,0.29508196721311475,0.9473684210526315,20.187641620635986,0.2239525318145752
11_donors,LUNAR,1,99.86237971508882,92.79792526552657,92.45,0.6037756009712949,0.5673352435530086,0.396,1.0,148.72025966644287,0.14188933372497559
11_donors,LUNAR,2,99.89469431848615,93.60337028920857,92.9,0.6462748780432815,0.6223404255319149,0.4517374517374517,1.0,20.154357194900513,0.1372356414794922
11_donors,LUNAR,3,99.89451476793249,96.29629629629629,92.85,0.6239359140747608,0.5925925925925926,0.42105263157894735,1.0,19.12263035774231,0.13548731803894043
11_donors,LUNAR,4,99.93071844733656,96.13718328286876,92.2,0.6191766400724711,0.5894736842105263,0.417910447761194,1.0,19.304415225982666,0.12338972091674805
11_donors,LUNAR,5,99.91752337242079,96.50333901597023,89.9,0.5595026074605896,0.5190476190476191,0.3504823151125402,1.0,21.349918365478516,0.13007378578186035
12_fault,LUNAR,1,83.26226618909546,71.45334460056662,72.75064267352185,0.38738307440329334,0.49038461538461536,0.7846153846153846,0.35664335664335667,3.7041079998016357,0.007760047912597656
12_fault,LUNAR,2,81.85331501202336,72.91817244592247,71.3917525773196,0.36540628608661235,0.39344262295081966,0.8780487804878049,0.2535211267605634,3.572955369949341,0.007822275161743164
12_fault,LUNAR,3,78.65662272441934,65.48308554549729,76.28865979381443,0.3811382151528648,0.4523809523809524,0.76,0.3220338983050847,3.682158946990967,0.007708311080932617
12_fault,LUNAR,4,76.85950413223141,59.55348496589321,73.4536082474227,0.30236086576220467,0.36024844720496896,0.725,0.2396694214876033,3.7451071739196777,0.007672309875488281
12_fault,LUNAR,5,79.0331639100278,67.36657222140798,68.55670103092784,0.3120793055008195,0.3645833333333333,0.813953488372093,0.2348993288590604,3.9986538887023926,0.0075206756591796875
13_fraud,LUNAR,1,99.82865262454028,52.77777777777778,93.7,0.20635477297978855,0.08695652173913043,0.045454545454545456,1.0,17.891926050186157,0.09347891807556152
13_fraud,LUNAR,2,99.7997997997998,29.166666666666664,95.05,0.1371889244765,0.038834951456310676,0.019801980198019802,1.0,17.591759204864502,0.09456110000610352
13_fraud,LUNAR,3,94.52512101485561,11.746031746031745,94.6,0.1045230935935839,0.03571428571428571,0.01834862385321101,0.6666666666666666,18.61151123046875,0.09053182601928711
13_fraud,LUNAR,4,93.94394394394394,5.972222222222221,93.30000000000001,0.054793233362382454,0.014705882352941176,0.007462686567164179,0.5,19.21308732032776,0.08290886878967285
13_fraud,LUNAR,5,96.32782507093974,9.995917034133594,94.55,0.10398942092223247,0.035398230088495575,0.01818181818181818,0.6666666666666666,19.30341410636902,0.08805727958679199
14_glass,LUNAR,1,80.95238095238095,11.11111111111111,76.74418604651163,0.2631806779839076,0.16666666666666666,0.09090909090909091,1.0,1.3859808444976807,0.002416849136352539
14_glass,LUNAR,2,,,86.04651162790698,0.0,0.0,0.0,0.0,1.53094482421875,0.0023970603942871094
14_glass,LUNAR,3,90.41666666666667,37.301587301587304,88.37209302325581,0.22657332165431585,0.2857142857142857,0.25,0.3333333333333333,1.491886854171753,0.002441883087158203
14_glass,LUNAR,4,85.00000000000001,26.86868686868687,88.37209302325581,0.22657332165431585,0.2857142857142857,0.25,0.3333333333333333,1.5492680072784424,0.003283262252807617
14_glass,LUNAR,5,92.5,33.33333333333333,92.85714285714286,0.3721042037676254,0.4,0.3333333333333333,0.5,1.4733450412750244,0.0023071765899658203
15_Hepatitis,LUNAR,1,75.0,29.166666666666664,87.5,0.0,0.0,0.0,0.0,1.779966115951538,0.005850791931152344
15_Hepatitis,LUNAR,2,85.41666666666666,76.11111111111111,87.5,0.6546536707079772,0.6666666666666666,1.0,0.5,1.2960336208343506,0.006592988967895508
15_Hepatitis,LUNAR,3,85.71428571428571,45.0,87.5,0.42857142857142855,0.5,0.5,0.5,1.7908742427825928,0.00637054443359375
15_Hepatitis,LUNAR,4,73.33333333333334,20.0,75.0,0.38297084310253526,0.3333333333333333,0.2,1.0,1.2954604625701904,0.005801677703857422
15_Hepatitis,LUNAR,5,85.41666666666666,58.45238095238094,75.0,0.2182178902359924,0.3333333333333333,0.5,0.25,1.2646968364715576,0.006253242492675781
16_http,LUNAR,1,99.94957135653053,89.47368421052632,81.3,0.1878247186381037,0.08333333333333333,0.043478260869565216,1.0,19.096009731292725,0.03730058670043945
16_http,LUNAR,2,99.97489959839358,88.88888888888889,80.35,0.1265471509514736,0.039119804400977995,0.0199501246882793,1.0,17.514158248901367,0.0335688591003418
16_http,LUNAR,3,99.97483643683945,92.85714285714286,82.95,0.17441588141505796,0.07084468664850137,0.03672316384180791,1.0,18.739033460617065,0.034345149993896484
16_http,LUNAR,4,99.89934574735784,76.47058823529412,80.65,0.1617717703648114,0.06295399515738499,0.0325,1.0,19.204145669937134,0.03511667251586914
16_http,LUNAR,5,99.84977466199298,33.33333333333333,84.95,0.09154776098542085,0.019543973941368076,0.009868421052631578,1.0,18.009880304336548,0.03191566467285156
17_InternetAds,LUNAR,1,89.66162420382166,80.40547201067596,88.57868020304569,0.630649028577945,0.697986577181208,0.7536231884057971,0.65,3.714787244796753,0.0986781120300293
17_InternetAds,LUNAR,2,81.53681506849315,73.82618167498329,90.07633587786259,0.6422992018577144,0.6829268292682927,0.84,0.5753424657534246,3.7423906326293945,0.08577728271484375
17_InternetAds,LUNAR,3,80.60752688172043,70.84674183793672,85.75063613231552,0.5714675990680859,0.6363636363636364,0.8032786885245902,0.5268817204301075,3.8367385864257812,0.0990438461303711
17_InternetAds,LUNAR,4,82.6296559423526,73.03018504309279,90.33078880407125,0.6008261462089819,0.6545454545454545,0.7058823529411765,0.6101694915254238,3.717691421508789,0.09715533256530762
17_InternetAds,LUNAR,5,81.67388167388167,68.340502576435,24.681933842239186,0.07826799071728406,0.28846153846153844,0.16997167138810199,0.9523809523809523,3.805692672729492,0.08858513832092285
18_Ionosphere,LUNAR,1,98.08970099667775,97.36008287934447,91.54929577464789,0.8417947083780889,0.9032258064516129,0.8235294117647058,1.0,1.423076868057251,0.007844209671020508
18_Ionosphere,LUNAR,2,97.68888888888888,97.0890909090909,92.85714285714286,0.8462174165567121,0.9019607843137255,0.8846153846153846,0.92,1.8566803932189941,0.008125543594360352
18_Ionosphere,LUNAR,3,95.91836734693877,94.12629281050333,94.28571428571428,0.8622507395784491,0.9,0.9473684210526315,0.8571428571428571,1.8777015209197998,0.0067615509033203125
18_Ionosphere,LUNAR,4,97.74999999999999,97.71456235361478,92.85714285714286,0.8556864224218372,0.9122807017543859,0.9629629629629629,0.8666666666666667,1.9703435897827148,0.007330417633056641
18_Ionosphere,LUNAR,5,93.75,80.40970976592405,85.71428571428571,0.7195524177001853,0.8076923076923077,0.7,0.9545454545454546,1.4983625411987305,0.007822513580322266
19_landsat,LUNAR,1,77.8529224881501,48.31029764935728,81.97358197358197,0.36551250742030916,0.4368932038834951,0.6293706293706294,0.3345724907063197,11.280689239501953,0.03784489631652832
19_landsat,LUNAR,2,79.17896843836007,51.66158052969653,81.04118104118105,0.3390045813634943,0.4077669902912621,0.6222222222222222,0.30324909747292417,9.824472665786743,0.03781867027282715
19_landsat,LUNAR,3,77.33409576996198,49.04420379680179,83.44988344988346,0.4246644235252825,0.5011709601873536,0.6524390243902439,0.4068441064638783,8.971976518630981,0.037506818771362305
19_landsat,LUNAR,4,75.55318423077838,43.07347899512571,82.2066822066822,0.3204567915895188,0.402088772845953,0.5422535211267606,0.31950207468879666,8.69744610786438,0.03660726547241211
19_landsat,LUNAR,5,80.61358805062436,56.83231008712741,81.50738150738151,0.37448922459317313,0.4439252336448598,0.6551724137931034,0.33568904593639576,8.94290018081665,0.037079572677612305
20_letter,LUNAR,1,89.7107357794603,26.627647456962787,92.5,0.2942382256206565,0.3333333333333333,0.3157894736842105,0.35294117647058826,3.1253387928009033,0.007029533386230469
20_letter,LUNAR,2,93.13186813186815,64.25853331287149,92.5,0.4976452119309262,0.5384615384615384,0.5384615384615384,0.5384615384615384,3.434832811355591,0.007185697555541992
20_letter,LUNAR,3,91.13004259584065,22.975169331372154,84.0625,0.379724846157793,0.32,0.1935483870967742,0.9230769230769231,3.0334110260009766,0.006787776947021484
20_letter,LUNAR,4,94.81391092129347,60.01707572588689,92.5,0.438420285313947,0.4782608695652174,0.4583333333333333,0.5,2.9914791584014893,0.007082939147949219
20_letter,LUNAR,5,92.41915802318486,55.799915408397624,86.5625,0.38782073437547954,0.410958904109589,0.29411764705882354,0.6818181818181818,3.0411505699157715,0.006880521774291992
21_Lymphography,LUNAR,1,,,86.66666666666667,0.0,0.0,0.0,0.0,1.330517292022705,0.005793571472167969
21_Lymphography,LUNAR,2,100.0,100.0,96.66666666666667,0.6948083337796511,0.6666666666666666,0.5,1.0,1.32194185256958,0.005810976028442383
21_Lymphography,LUNAR,3,100.0,100.0,100.0,1.0,1.0,1.0,1.0,1.378368616104126,0.005887269973754883
21_Lymphography,LUNAR,4,96.42857142857143,33.33333333333333,86.20689655172413,0.41403933560541256,0.3333333333333333,0.2,1.0,1.3840627670288086,0.006290435791015625
21_Lymphography,LUNAR,5,94.44444444444444,41.666666666666664,86.20689655172413,0.5328701692569688,0.5,0.3333333333333333,1.0,1.5947892665863037,0.005818367004394531
22_magic.gamma,LUNAR,1,85.49572819392012,80.65573870495702,78.85,0.5274767038213172,0.6362854686156492,0.8333333333333334,0.5146036161335188,12.986868858337402,0.2107234001159668
22_magic.gamma,LUNAR,2,85.73251661820036,81.5654965199077,80.45,0.5584948184717896,0.6486972147349506,0.8677884615384616,0.5179340028694405,12.835517168045044,0.22905850410461426
22_magic.gamma,LUNAR,3,85.97793635280415,80.28549405584484,81.85,0.5806228898771867,0.6936708860759494,0.8106508875739645,0.6061946902654868,11.414049863815308,0.21840357780456543
22_magic.gamma,LUNAR,4,86.23057835297418,81.61431180715701,79.9,0.5480901582081293,0.6417112299465241,0.861244019138756,0.5113636363636364,11.865322351455688,0.20590949058532715
22_magic.gamma,LUNAR,5,84.51790588492194,77.4042413318529,78.75,0.5199605654133552,0.6618933969769292,0.7605118829981719,0.5859154929577465,11.340942144393921,0.208327054977417
23_mammography,LUNAR,1,86.87953151143336,30.720374167320806,93.35,0.30490709624142553,0.2810810810810811,0.18439716312056736,0.5909090909090909,18.912426710128784,0.09783267974853516
23_mammography,LUNAR,2,85.88174807197943,28.94570330644255,93.15,0.3013743922079606,0.29743589743589743,0.20714285714285716,0.5272727272727272,19.12357783317566,0.10149502754211426
23_mammography,LUNAR,3,88.28142679339219,34.1387480112804,91.05,0.22936142288660785,0.19004524886877827,0.11351351351351352,0.5833333333333334,19.887250423431396,0.09080052375793457
23_mammography,LUNAR,4,90.49502699630578,43.608634432068186,94.55,0.34834479334982416,0.3312883435582822,0.2288135593220339,0.6,19.19741916656494,0.10626506805419922
23_mammography,LUNAR,5,91.11076498598194,37.468115359419926,93.5,0.31355270810207597,0.29347826086956524,0.1956521739130435,0.5869565217391305,19.03074288368225,0.09648466110229492
24_mnist,LUNAR,1,91.66460416016528,64.62873040499149,86.6535174227482,0.4891672858248968,0.513189448441247,0.37809187279151946,0.7985074626865671,12.698642015457153,0.08777904510498047
24_mnist,LUNAR,2,93.92015392015392,65.46936073818436,87.17948717948718,0.5390600726837852,0.5496535796766744,0.39932885906040266,0.8814814814814815,12.944944620132446,0.08678913116455078
24_mnist,LUNAR,3,92.67756192825574,67.64246511656069,90.8612754766601,0.5531650757425741,0.592375366568915,0.505,0.7163120567375887,12.80421495437622,0.08706474304199219
24_mnist,LUNAR,4,93.47491535857185,73.54128345182353,92.17105263157895,0.5968543307975398,0.6382978723404256,0.5932203389830508,0.6907894736842105,13.160910367965698,0.0796213150024414
24_mnist,LUNAR,5,94.19739298223537,67.96491326577947,92.36842105263158,0.6028816528027278,0.6375,0.5604395604395604,0.7391304347826086,13.114546060562134,0.07965970039367676
25_musk,LUNAR,1,100.0,100.0,98.20554649265905,0.8025310994226582,0.7924528301886793,0.65625,1.0,6.157790660858154,0.027332305908203125
25_musk,LUNAR,2,100.0,100.0,96.4110929853181,0.5981718179666473,0.5416666666666666,0.37142857142857144,1.0,6.072999715805054,0.02808856964111328
25_musk,LUNAR,3,100.0,100.0,94.11764705882352,0.5376865874169398,0.47058823529411764,0.3076923076923077,1.0,6.0025553703308105,0.02795720100402832
25_musk,LUNAR,4,100.0,100.0,98.0392156862745,0.8363959431901723,0.8333333333333334,0.7142857142857143,1.0,6.006216764450073,0.028476715087890625
25_musk,LUNAR,5,100.0,100.0,93.13725490196079,0.5174906860702824,0.4473684210526316,0.288135593220339,1.0,5.949138879776001,0.0320281982421875
26_optdigits,LUNAR,1,99.78479399688518,93.58310972498278,94.34865900383141,0.5920880759215497,0.5426356589147286,0.3723404255319149,1.0,9.473978996276855,0.038037776947021484
26_optdigits,LUNAR,2,99.90167158308752,96.70087239815281,94.0556088207095,0.526728172082694,0.45614035087719296,0.29545454545454547,1.0,9.502086400985718,0.037513017654418945
26_optdigits,LUNAR,3,99.72697269726972,88.16160111787666,94.43911792905082,0.5846474517200445,0.532258064516129,0.3626373626373626,1.0,9.310823917388916,0.03798389434814453
26_optdigits,LUNAR,4,99.71850809289234,79.76785888073118,96.06903163950143,0.6240234750001993,0.5773195876288659,0.4057971014492754,1.0,9.103137969970703,0.03797125816345215
26_optdigits,LUNAR,5,99.85925404644615,95.89704546847403,96.2607861936721,0.6339186106597701,0.5894736842105263,0.417910447761194,1.0,9.270131349563599,0.03662705421447754
27_PageBlocks,LUNAR,1,95.57420868428137,75.58613700142244,90.45412418906395,0.6088558603396463,0.6360424028268551,0.5113636363636364,0.8411214953271028,8.670125722885132,0.07158136367797852
27_PageBlocks,LUNAR,2,92.85567615136404,72.8280854831135,79.05468025949953,0.43749356247390614,0.45145631067961167,0.30293159609120524,0.8857142857142857,8.91758918762207,0.05450844764709473
27_PageBlocks,LUNAR,3,91.96254225544335,68.46066239454257,89.43466172381835,0.5183438802994953,0.5546875,0.44654088050314467,0.7319587628865979,9.039306879043579,0.05911731719970703
27_PageBlocks,LUNAR,4,94.43008492629306,75.38923000057245,93.7847866419295,0.6766192853521391,0.70995670995671,0.6721311475409836,0.7522935779816514,8.245482921600342,0.062110185623168945
27_PageBlocks,LUNAR,5,95.19854043566451,78.33001745380115,84.4155844155844,0.496124532351003,0.49700598802395207,0.34297520661157027,0.9021739130434783,8.312626361846924,0.06813192367553711
28_pendigits,LUNAR,1,99.67405746553729,81.02115937789479,95.85152838427948,0.608774263944287,0.5581395348837209,0.3870967741935484,1.0,11.07962703704834,0.04222679138183594
28_pendigits,LUNAR,2,99.96158452534291,98.33111115769853,64.62882096069869,0.2013455147094046,0.11956521739130435,0.06358381502890173,1.0,10.939189434051514,0.03956961631774902
28_pendigits,LUNAR,3,99.9914403104314,99.60212201591511,95.70596797671034,0.5408274467033803,0.46846846846846846,0.3058823529411765,1.0,11.114936590194702,0.03984570503234863
28_pendigits,LUNAR,4,99.9179592359954,98.09948474038843,96.06986899563319,0.5791111566141374,0.5178571428571429,0.3493975903614458,1.0,11.036813974380493,0.03751802444458008
28_pendigits,LUNAR,5,99.87891207153503,90.85431521093285,76.34643377001456,0.26063041745904864,0.16452442159383032,0.0896358543417367,1.0,11.023549795150757,0.041706085205078125
29_Pima,LUNAR,1,75.1147842056933,60.34963262605959,66.88311688311688,0.21081851067789195,0.3855421686746988,0.5714285714285714,0.2909090909090909,1.9398260116577148,0.0047414302825927734
29_Pima,LUNAR,2,67.96579836945715,44.094881683358174,58.44155844155844,0.30361779306083503,0.5555555555555556,0.41237113402061853,0.851063829787234,1.7223336696624756,0.004819631576538086
29_Pima,LUNAR,3,72.4748810153358,58.53733950454516,69.48051948051948,0.3369278102311708,0.5154639175257731,0.6944444444444444,0.4098360655737705,1.6668519973754883,0.004822731018066406
29_Pima,LUNAR,4,72.60136491368928,55.40306959135252,72.54901960784314,0.2534410956594186,0.27586206896551724,0.7272727272727273,0.1702127659574468,1.709209680557251,0.004774570465087891
29_Pima,LUNAR,5,76.89655172413794,65.22536788793916,73.8562091503268,0.441064030557178,0.6491228070175439,0.6607142857142857,0.6379310344827587,1.6484544277191162,0.004625797271728516
30_satellite,LUNAR,1,87.34616395385896,83.14884519153512,85.62548562548562,0.656119704144635,0.7360912981455064,0.8745762711864407,0.6354679802955665,7.472464561462402,0.03428506851196289
30_satellite,LUNAR,2,86.72957901305958,80.73538961544745,84.14918414918415,0.607471548014713,0.7034883720930233,0.8093645484949833,0.622107969151671,7.4971091747283936,0.03128933906555176
30_satellite,LUNAR,3,87.066291537191,83.68529010904334,86.55788655788655,0.678589175704371,0.7600554785020804,0.8670886075949367,0.6765432098765433,7.573326349258423,0.036585092544555664
30_satellite,LUNAR,4,87.84899287848992,83.27792158279561,86.16938616938616,0.6724372070770737,0.7520891364902507,0.8794788273615635,0.656934306569343,7.498053312301636,0.034323930740356445
30_satellite,LUNAR,5,88.83704108093352,85.37757106600183,85.15928515928516,0.6553983749852902,0.7401360544217687,0.8774193548387097,0.64,7.4733850955963135,0.03408098220825195
31_satimage-2,LUNAR,1,99.9813177232532,98.46415489272633,95.52110249784668,0.4500050636862512,0.35,0.21212121212121213,1.0,9.468208074569702,0.03823256492614746
31_satimage-2,LUNAR,2,99.86933797909407,81.25,94.83204134366925,0.41082205412398026,0.3023255813953488,0.1780821917808219,1.0,9.63715386390686,0.03873324394226074
31_satimage-2,LUNAR,3,100.0,100.0,95.34883720930233,0.40160214259445237,0.2894736842105263,0.16923076923076924,1.0,9.476501226425171,0.03907442092895508
31_satimage-2,LUNAR,4,98.91925274046626,78.04175268122137,95.6896551724138,0.4455930666126212,0.375,0.23809523809523808,0.8823529411764706,9.874719619750977,0.03783726692199707
31_satimage-2,LUNAR,5,99.86888111888112,84.21052631578947,94.74137931034483,0.4435226922385825,0.34408602150537637,0.2077922077922078,1.0,9.687045335769653,0.03862500190734863
32_shuttle,LUNAR,1,99.6886134832781,96.60344613213799,86.35000000000001,0.5548273490424207,0.5333333333333333,0.3644859813084112,0.9936305732484076,16.266229391098022,0.09878778457641602
32_shuttle,LUNAR,2,99.99961342049413,99.99486125385405,84.7,0.5108805923572396,0.476027397260274,0.31235955056179776,1.0,16.430739879608154,0.09529924392700195
32_shuttle,LUNAR,3,99.91531531531533,97.98491053793424,81.35,0.47851898023888845,0.4457652303120357,0.28680688336520077,1.0,16.85683846473694,0.08015608787536621
32_shuttle,LUNAR,4,99.90518393141899,98.86701732812143,83.25,0.4879154090250427,0.44991789819376027,0.2902542372881356,1.0,15.981057167053223,0.11406159400939941
32_shuttle,LUNAR,5,99.66594831399445,98.33495677543374,85.45,0.5328540597895904,0.5092748735244519,0.3431818181818182,0.9869281045751634,16.488287210464478,0.10940933227539062
33_skin,LUNAR,1,98.20336120559335,88.32784454855938,88.4,0.7436397444855694,0.7879341864716636,0.6510574018126888,0.9976851851851852,13.19179892539978,0.016672134399414062
33_skin,LUNAR,2,98.79106519565714,93.92856800846077,88.3,0.7444078452424673,0.7891891891891892,0.6517857142857143,1.0,13.107656717300415,0.01896834373474121
33_skin,LUNAR,3,98.65912269661068,93.16583594909693,89.05,0.7558412645283531,0.7981566820276498,0.6641104294478528,1.0,13.09550952911377,0.016919612884521484
33_skin,LUNAR,4,98.40760758484078,89.17278381404961,86.55000000000001,0.7079905237500104,0.7525298988040479,0.6032448377581121,1.0,13.332038640975952,0.017255544662475586
33_skin,LUNAR,5,97.98626225819864,86.36974571545886,88.85,0.7458659622100453,0.7866028708133971,0.6492890995260664,0.9975728155339806,13.481872320175171,0.016402482986450195
34_smtp,LUNAR,1,99.97498749374687,50.0,73.5,0.037201224938746794,0.0037593984962406013,0.0018832391713747645,1.0,16.96799874305725,0.039522647857666016
34_smtp,LUNAR,2,,,86.55000000000001,0.0,0.0,0.0,0.0,17.094111442565918,0.031418561935424805
34_smtp,LUNAR,3,,,79.7,0.0,0.0,0.0,0.0,17.18229365348816,0.028798341751098633
34_smtp,LUNAR,4,,,84.45,0.0,0.0,0.0,0.0,19.06391954421997,0.0291440486907959
34_smtp,LUNAR,5,72.33616808404201,0.18050541516245489,60.8,0.02782575221915397,0.002544529262086514,0.0012738853503184713,1.0,18.97052001953125,0.042511940002441406
35_SpamBase,LUNAR,1,75.87762655754288,70.43788852368257,67.3396674584323,0.3504702573330155,0.44889779559118237,0.8296296296296296,0.3076923076923077,5.164226531982422,0.020230531692504883
35_SpamBase,LUNAR,2,79.73544034090908,71.7888246348369,71.37767220902613,0.3839490893047552,0.5051334702258727,0.7834394904458599,0.37272727272727274,4.861128091812134,0.01994180679321289
35_SpamBase,LUNAR,3,75.94374181770138,65.08000462452162,69.20332936979786,0.3112167910684528,0.4126984126984127,0.7459016393442623,0.2852664576802508,4.681118011474609,0.0202939510345459
35_SpamBase,LUNAR,4,73.59279663527043,64.82323580575682,67.77645659928656,0.29956371527675757,0.39101123595505616,0.7631578947368421,0.2628398791540785,5.088509559631348,0.019762039184570312
35_SpamBase,LUNAR,5,80.65659843077106,76.17729582556048,75.02972651605232,0.4761090701939936,0.5977011494252874,0.8342245989304813,0.46567164179104475,5.4635329246521,0.020284414291381836
36_speech,LUNAR,1,68.59418282548476,5.720939255822795,47.289972899729,0.08120637893579911,0.06265060240963856,0.03258145363408521,0.8125,7.153022527694702,0.08124017715454102
36_speech,LUNAR,2,60.958485958485966,3.3833552582406403,91.45183175033921,0.05926538637486523,0.05970149253731343,0.034482758620689655,0.2222222222222222,6.6298418045043945,0.08101367950439453
36_speech,LUNAR,3,36.82255845942228,1.0923821280386339,86.29579375848031,-0.04401870195655127,0.0,0.0,0.0,6.55069899559021,0.08420872688293457
36_speech,LUNAR,4,51.97589409207666,5.749238637012182,85.48168249660787,0.03262817969110596,0.05309734513274336,0.030303030303030304,0.21428571428571427,6.411097526550293,0.08274102210998535
36_speech,LUNAR,5,63.0,3.8937814894826084,19.131614654002714,0.004614832203316345,0.032467532467532464,0.016556291390728478,0.8333333333333334,7.111992597579956,0.07998085021972656
37_Stamps,LUNAR,1,92.6984126984127,37.21789321789322,91.17647058823529,0.641291985959135,0.625,0.45454545454545453,1.0,2.050363779067993,0.003025054931640625
37_Stamps,LUNAR,2,96.72413793103448,75.15529353687248,94.11764705882352,0.7655172413793103,0.8,0.8,0.8,1.697303056716919,0.002996683120727539
37_Stamps,LUNAR,3,95.8974358974359,38.730158730158735,75.0,0.3328201177351375,0.2608695652173913,0.15,1.0,1.4540824890136719,0.0029633045196533203
37_Stamps,LUNAR,4,95.1035781544256,70.8852258852259,85.29411764705883,0.5762619548021688,0.6153846153846154,0.47058823529411764,0.8888888888888888,1.400836706161499,0.002922534942626953
37_Stamps,LUNAR,5,96.09375,47.61904761904761,82.35294117647058,0.4506939094329987,0.4,0.25,1.0,1.4174609184265137,0.002896547317504883
38_thyroid,LUNAR,1,98.19794050343249,57.709519281629454,95.09933774834437,0.5239783542544972,0.4788732394366197,0.3269230769230769,0.8947368421052632,6.219298362731934,0.026283979415893555
38_thyroid,LUNAR,2,96.80952380952381,48.66944834540158,91.9205298013245,0.4349788793190891,0.3711340206185567,0.23376623376623376,0.9,6.122475862503052,0.02683544158935547
38_thyroid,LUNAR,3,94.08212560386474,59.328720318811435,94.42970822281167,0.46197180247802366,0.4166666666666667,0.2777777777777778,0.8333333333333334,6.097605228424072,0.02832198143005371
38_thyroid,LUNAR,4,98.87364498644988,78.81419973502726,80.63660477453581,0.2814719724538457,0.1797752808988764,0.09876543209876543,1.0,5.932073593139648,0.028366804122924805
38_thyroid,LUNAR,5,99.17574931880108,70.43904641489213,92.9708222811671,0.5041724306937049,0.43010752688172044,0.273972602739726,1.0,6.112331390380859,0.027041912078857422
39_vertebral,LUNAR,1,58.18815331010453,20.150327613562908,79.16666666666666,0.052333908889069546,0.16666666666666666,0.2,0.14285714285714285,1.6347661018371582,0.0024819374084472656
39_vertebral,LUNAR,2,35.22727272727273,7.86347781028632,87.5,-0.06286946134619315,0.0,0.0,0.0,1.347062587738037,0.0024428367614746094
39_vertebral,LUNAR,3,37.2093023255814,9.856391974039033,79.16666666666666,-0.11627906976744186,0.0,0.0,0.0,1.2936668395996094,0.002415895462036133
39_vertebral,LUNAR,4,48.43205574912892,15.283864329430832,72.91666666666666,-0.15617376188860607,0.0,0.0,0.0,1.287855863571167,0.0024046897888183594
39_vertebral,LUNAR,5,48.08362369337979,16.92286436967288,83.33333333333334,-0.06027096745021218,0.0,0.0,0.0,1.2843048572540283,0.0031256675720214844
40_vowels,LUNAR,1,99.75736007764478,88.54224058769513,99.31506849315068,0.9165868201377653,0.9166666666666666,0.8461538461538461,1.0,2.9614694118499756,0.016529321670532227
40_vowels,LUNAR,2,99.90259740259741,97.77495232040687,97.9381443298969,0.7957344263703339,0.7857142857142857,0.6470588235294118,1.0,2.9833786487579346,0.01550149917602539
40_vowels,LUNAR,3,100.0,100.0,98.28178694158075,0.7946439243871116,0.782608695652174,0.6428571428571429,1.0,3.1142642498016357,0.01602792739868164
40_vowels,LUNAR,4,99.80299448384554,95.34662867996201,72.85223367697594,0.2713334790742523,0.18556701030927836,0.10227272727272728,1.0,2.828179359436035,0.020250797271728516
40_vowels,LUNAR,5,98.932384341637,84.71428571428572,97.2508591065292,0.662811836326052,0.6666666666666666,0.5714285714285714,0.8,2.866302728652954,0.015343666076660156
41_Waveform,LUNAR,1,78.01279540409976,31.1276239524118,84.1799709724238,0.20281066735715342,0.1925925925925926,0.11607142857142858,0.5652173913043478,5.744673490524292,0.016033649444580078
41_Waveform,LUNAR,2,70.02967359050444,10.154524582554636,95.355587808418,0.1383746504235385,0.15789473684210525,0.13043478260869565,0.2,5.522861957550049,0.014663457870483398
41_Waveform,LUNAR,3,75.57737627651218,15.378023427504578,66.47314949201741,0.11997829139355135,0.10116731517509728,0.0546218487394958,0.6842105263157895,5.637010812759399,0.014066219329833984
41_Waveform,LUNAR,4,77.01960784313727,28.681353005169143,88.95348837209302,0.1894511393776853,0.20833333333333334,0.14084507042253522,0.4,5.7177159786224365,0.015940427780151367
41_Waveform,LUNAR,5,76.53399668325042,20.47438729116929,83.13953488372093,0.14507971347226953,0.13432835820895522,0.07758620689655173,0.5,5.540891170501709,0.015241384506225586
42_WBC,LUNAR,1,100.0,100.0,73.33333333333333,0.23652495839563303,0.14285714285714285,0.07692307692307693,1.0,1.3409759998321533,0.002549409866333008
42_WBC,LUNAR,2,100.0,100.0,97.77777777777777,0.6990252954195317,0.6666666666666666,0.5,1.0,1.3854856491088867,0.0025482177734375
42_WBC,LUNAR,3,100.0,100.0,93.33333333333333,0.7277477067903931,0.7272727272727273,0.5714285714285714,1.0,1.323723316192627,0.002559661865234375
42_WBC,LUNAR,4,95.1219512195122,68.05555555555556,86.36363636363636,0.5334349496690813,0.5,0.3333333333333333,1.0,1.7476701736450195,0.002521514892578125
42_WBC,LUNAR,5,100.0,100.0,97.72727272727273,0.6988362419217079,0.6666666666666666,0.5,1.0,1.3506622314453125,0.0024328231811523438
43_WDBC,LUNAR,1,100.0,100.0,90.54054054054053,0.5720775535473553,0.5333333333333333,0.36363636363636365,1.0,1.5697815418243408,0.008307456970214844
43_WDBC,LUNAR,2,98.26388888888889,50.0,85.13513513513513,0.36102891898278777,0.26666666666666666,0.15384615384615385,1.0,1.5299084186553955,0.0069959163665771484
43_WDBC,LUNAR,3,100.0,100.0,83.56164383561644,0.25318484177091666,0.14285714285714285,0.07692307692307693,1.0,1.5028986930847168,0.007485151290893555
43_WDBC,LUNAR,4,99.29577464788733,83.33333333333333,84.93150684931507,0.3605701516157242,0.26666666666666666,0.15384615384615385,1.0,1.5781738758087158,0.008108377456665039
43_WDBC,LUNAR,5,100.0,100.0,95.8904109589041,0.4894725051862805,0.4,0.25,1.0,1.7905898094177246,0.007394075393676758
44_Wilt,LUNAR,1,60.08480825958702,7.334358508662824,73.44398340248964,0.018280173336831865,0.1111111111111111,0.07017543859649122,0.26666666666666666,7.3730974197387695,0.02718663215637207
44_Wilt,LUNAR,2,55.77677925834108,4.530662519250423,90.24896265560166,-0.05096399181925621,0.0,0.0,0.0,7.684849977493286,0.02498173713684082
44_Wilt,LUNAR,3,70.38568492322574,7.959610469740095,22.925311203319502,0.09263121320100037,0.10589651022864019,0.05597964376590331,0.9777777777777777,7.443039655685425,0.023972511291503906
44_Wilt,LUNAR,4,55.68772356077479,7.021792250663526,88.79668049792531,-0.05786193913284078,0.0,0.0,0.0,7.516577243804932,0.026805400848388672
44_Wilt,LUNAR,5,56.78850529231377,5.05219066888022,79.43925233644859,-0.03298471625093592,0.04807692307692308,0.03048780487804878,0.11363636363636363,7.20470118522644,0.02326655387878418
45_wine,LUNAR,1,100.0,100.0,96.15384615384616,0.6928203230275508,0.6666666666666666,0.5,1.0,1.2190160751342773,0.002252817153930664
45_wine,LUNAR,2,97.91666666666667,66.66666666666666,84.61538461538461,0.5270462766947299,0.5,0.3333333333333333,1.0,1.245347261428833,0.002253293991088867
45_wine,LUNAR,3,96.02272727272728,67.91666666666667,92.3076923076923,0.7045454545454546,0.75,0.75,0.75,1.4201955795288086,0.002227306365966797
45_wine,LUNAR,4,96.0,50.0,84.61538461538461,0.4098780306383839,0.3333333333333333,0.2,1.0,1.3124253749847412,0.002254009246826172
45_wine,LUNAR,5,97.82608695652173,83.33333333333333,92.0,0.6756639246921762,0.6666666666666666,0.5,1.0,1.7376527786254883,0.002226114273071289
46_WPBC,LUNAR,1,44.140625,29.623947117153637,77.5,0.0949157995752499,0.18181818181818182,0.3333333333333333,0.125,1.5106618404388428,0.006514310836791992
46_WPBC,LUNAR,2,51.953125,21.227740405729534,77.5,-0.08006407690254357,0.0,0.0,0.0,1.7482314109802246,0.005888938903808594
46_WPBC,LUNAR,3,65.51724137931035,40.322646146077666,72.5,0.0,0.0,0.0,0.0,1.3892898559570312,0.005819559097290039
46_WPBC,LUNAR,4,43.142857142857146,33.21101520288291,58.97435897435898,-0.022792115291927588,0.2,0.3333333333333333,0.14285714285714285,1.311293125152588,0.005970954895019531
46_WPBC,LUNAR,5,43.93939393939394,15.972132442720676,71.7948717948718,-0.16351748504193217,0.0,0.0,0.0,1.3195369243621826,0.0063664913177490234
47_yeast,LUNAR,1,41.849342367477085,31.530856225210435,57.57575757575758,-0.029705619389427385,0.24096385542168675,0.3225806451612903,0.19230769230769232,2.1533212661743164,0.010706901550292969
47_yeast,LUNAR,2,50.290786654423016,39.59255102107128,65.31986531986533,0.11642257885594992,0.29931972789115646,0.4583333333333333,0.2222222222222222,2.1942477226257324,0.010489225387573242
47_yeast,LUNAR,3,42.4656496261871,31.005937153663403,55.55555555555556,-0.06906944025021763,0.23255813953488372,0.28169014084507044,0.19801980198019803,2.201996088027954,0.011041641235351562
47_yeast,LUNAR,4,44.651830581478826,30.58886786590961,49.158249158249156,-0.08120441277263284,0.3167420814479638,0.2845528455284553,0.35714285714285715,2.086092948913574,0.010755538940429688
47_yeast,LUNAR,5,49.42907005734231,34.45329568203691,57.770270270270274,0.0028070841474515103,0.2857142857142857,0.35714285714285715,0.23809523809523808,2.163792371749878,0.010187387466430664
